fila_excel,producto,nombre_original,unidades,costo_unitario,unidades_x_costo,deuda_planilla,diferencia,revisar
13,Colágeno Hidrolizado x 600 g,COLÁGENO HIDROLIZADO x 600 g.,2,17000,34000,34000,0,
14,Citrato de Magnesio + Colágeno x 600 g,CITRATO DE MAGNESIO + COLAGENO x 600 g.,1,18000,18000,18000,0,
15,Colágeno Hidrolizado x 380 ml,COLÁGENO HIDROLIZADO x 380 ml,2,12500,25000,25000,0,
16,Batido Verde Fusión Natural x 450 g,BATIDO VERDE BOLSA VERDE x 450 g. FUSION NATURAL,1,16000,16000,16000,0,
17,Chupa Panza Fibra x 450 g,CHUPA PANZA FIBRA x 450 g.,4,12000,48000,48000,0,
18,Col-Nclin Fibra x 450 g,COL-NCLIN FIBRA x 450 g.,4,12000,48000,48000,0,
19,Gomas con Vinagre de Manzana x 30 Gummies,GOMAS CON VINAGRE DE MANZANA x 30 GUMMIES,4,15000,60000,60000,0,
20,Probióticos + Prebióticos x 400 g,PROBIÓTICOS + PREBIÓTICOS 400 g.,2,40000,80000,80000,0,
21,"Legend Creatina 1,32 lb – 50 Servicios","LEGEND creatina 1,32 Lb - 50 servicios",1,90000,90000,90000,0,
22,Creatina CR2,Creatina CR2,1,66000,66000,66000,0,
23,CR7 Creatine 350 g,CR7 CREATINE 350 g.,4,45000,180000,18000,-162000,SI
24,Nutrex Creatina Monohidrato Sabor Fresa Sandía,CREATINA MONOHIDRATO sabor fresa sandía NUTREX,2,58000,116000,116000,0,
25,Suminat Cloruro de Magnesio x 500 ml,CLORURO DE MAGNESIO x 500 ml SUMINAT,4,15000,60000,60000,0,
26,Citrato de Magnesio + Citrato de Potasio x 250 g,CITRATO DE MAGNESIO + CITRATO DE POTASIO x 250 g.,1,12000,12000,12000,0,
27,Al Nature Cloruro de Magnesio + Colágeno + Vitamina D3 x 90 Cápsulas,CLORURO DE MAGNESIO + COLÁGENO + VITAMINA D3 x 90 cápsulas AL NATURE,1,16000,16000,16000,0,
28,Citrato de Magnesio x 90 HR,CITRATO DE MAGNESIO x 90 HR,2,19000,38000,38000,0,
29,"Army EAA's 1,2 lb – 30 Servicios","ARMY EEA´s 1,2 Lb - 30 servicios",1,81000,81000,81000,0,
30,Nitro Shock,NITRO SHOCK,1,65000,65000,65000,0,
31,Hydralite Hidratación Deportiva,HYDRALITE hidratación deportiva,15,3300,49500,49500,0,
32,Gatorade Hidratación Deportiva,GATORADE hidratación deportiva,8,3000,24000,24000,0,
33,Electrolit,ELECTROLIT,9,7000,63000,63000,0,
34,RAN Hidratación Deportiva,RAN hidratación deportiva,6,4500,27000,27000,0,
35,"Gluta Stack Frutos Rojos 1,1 lb (510 g)",GLUTA STACK frutos rojos 1.1 Lb (510g),1,41000,41000,41000,0,
36,FlexDL Rolón,FLEXDL ROLON,2,11000,22000,22000,0,
37,Bisglicinato de Magnesio Pastillas,BISGLICINATO DE MAGNESIO PASTILLAS,3,22000,66000,66000,0,
38,Burner Stack Sobre,BURNER STACK 50 SOBREs,45,1500,67500,67500,0,
39,Radical Power Kiwi Manzana Verde Sobre 12 g,Radical Power Kiwi Manzana Verde x 216 g (18 und x 12 g),11,3000,33000,33000,0,
40,Speed Max,SPEED MAX,24,1500,36000,36000,0,
41,Red Bull,Red Bull,3,5100,15300,15300,0,
42,"Intenze Pre-entreno 1,9 lb – 30 Servicios","INTENZE 30 servicios 1,9 Lb",1,102000,102000,102000,0,
43,Termo Energy Up Sobre,TERMO ENERGY UP * 25 SOBRES,75,1100,82500,82500,0,
44,Nuclear Pre-entreno 180 g – 15 Servicios,NUCLEAR preworkout 15 servicios 180 g.,2,55000,110000,110000,0,
45,Monster Bebida Energizante,MONSTER bebida pre-entreno,6,6200,37200,37200,0,
46,Burner Stack Bebida Pre-entreno,BURNER STACK bebida pre-entreno,4,6000,24000,24000,0,
47,Intenze Bebida Pre-entreno,INTENZE bebida pre-entreno,6,8000,48000,48000,0,
48,Myth Bebida Pre-entreno,MYTH bebida pre-entreno,3,6000,18000,18000,0,
49,Jart Bebida Pre-entreno,JART bebida pre-entreno,11,5500,60500,60500,0,
50,Suminat Maknat x 250 g,MAKNAT x 250 g. SUMINAT,2,11000,22000,22000,0,
51,Turkesterone Testosterone Booster x 120,TURKESTERONE TESTOSTERONE BOOSTER x 120,3,30000,90000,90000,0,
52,Monster Test,MONSTER TEST,1,65000,65000,65000,0,
53,Shilajit Sachet,SHILAJIT SACHET,13,1100,14300,14300,0,
54,Swap Nitric Oxide x 90,NITRIC OXIDE x 9O SWAP,3,30000,90000,90000,0,
55,Liv 52,LIV 52,3,34000,102000,102000,0,
56,Green Silymarina x 100,SILYMARINA x 100 GREEN,4,30000,120000,120000,0,
57,Té Matcha Masticable,TE MATCHA MASTICABLE,3,20000,60000,60000,0,
58,Té Matcha Tarro 400 g,TE MATCHA TARRO 400 g.,2,35000,70000,70000,0,
59,Gomas Té Verde x 30,GOMAS TE VERDE x 30,4,15000,60000,60000,0,
60,Hydroxycut Hardcore Elite 100 Pastillas,HYDROXYCUT HARDCORE ELITE 100 pastillas,2,88000,176000,176000,0,
61,Lipo-6 Nighttime 30 Cápsulas,LIPO6 NIGHTTIME 30 cápsulas,1,45000,45000,45000,0,
62,Nutrex CLA 1000 mg,CLA 1000 mg NUTREX,2,46000,92000,92000,0,
63,L-Carnitina Líquida Sachet 3000 mg Fruit Punch,L-CARNITINA LÍQUIDA sachet de 3000 mg en 15 ml sabor Fruit Punch,24,2600,62400,62400,0,
64,World Nutrition Complexx B x 1000 ml,COMPLEXX B X 1000 ML WORLD NUTRITION,4,15000,60000,60000,0,
65,Total Nutrix Super Multivitamínico x 1000 ml,SUPER MULTIVITAMINICO X 1000 ML TOTAL NUTRIX,1,14000,14000,14000,0,
66,Prosimpo Vitamina C x 380 ml,VITAMINA C x 380 ml PROSIMPO,2,12000,24000,24000,0,
67,"Nutra-C Naranja 1,1 lb (500 g)","NUTRA-C naranja 1,1 Lb (500 g)",1,49000,49000,49000,0,
68,LFFA Ginkgo Biloba x 30,GINGO BILOBA x 30 LFFA,4,8000,32000,32000,0,
69,LFFA Omega 3 x 30,OMEGA 3 x 30 LFFA,3,8000,24000,24000,0,
70,Alnature Gomas Ashwagandha x 30,GOMAS ASHWAGANDHA x 30 ALNATURE,3,15000,45000,45000,0,
71,Vitamina E 400 IU x 100 Softgels,VITAMINA E de 400 IU x 100 softgels,1,14000,14000,14000,0,
72,Natural Health Ashwagandha x 100 Masticables,ASHAWAGANDHA x 100 MASTICABLES NATURAL HEALTH,2,15000,30000,30000,0,
73,NAD + Resveratrol Nicotinamida x 100 Pastillas,NAD + RESVERATROL NICOTINAMIDA x 100 pastillas,2,22000,44000,24000,-20000,SI
74,Resveratrol Plus NAD+ x 380 ml,RESVERATROL PLUS NAD+ x 380 ml,2,8000,16000,16000,0,
75,NAD + Resveratrol Nicotinamida x 700 g,NAD + RESVERATROL NICOTINAMIDA x 700 g.,2,25000,50000,50000,0,
,TOTAL,,,,3450200,3268200,,
