producto,slug,estado,archivo,url_imagen,url_pagina,sitio,nota
Colágeno Hidrolizado x 600 g,colageno-hidrolizado-x-600-g,SIN_FOTO,,,,,Nombre genérico sin marca; no se pudo identificar el producto concreto
Citrato de Magnesio + Colágeno x 600 g,citrato-de-magnesio-mas-colageno-x-600-g,SIN_FOTO,,,,,Genérico sin marca; no se halló producto Citrato Mg + Colágeno 600 g identificable
Colágeno Hidrolizado x 380 ml,colageno-hidrolizado-x-380-ml,SIN_FOTO,,,,,Genérico sin marca (presentación líquida 380 ml); no identificable
Batido Verde Fusión Natural x 450 g,batido-verde-fusion-natural-x-450-g,SIN_FOTO,,,,,Marca Fusion Natural (laboratorio colombiano) pero no se halló página/imagen del batido verde 450 g; sitios caídos o ML bloqueado
Chupa Panza Fibra x 450 g,chupa-panza-fibra-x-450-g,OK,chupa-panza-fibra-x-450-g.jpg,https://cdnx.jumpseller.com/productosnaturales/image/65041684/20250628_123812-Photoroom.jpg?1751340581,https://tienda.productosnaturales.co/chupa-panza-1,tienda.productosnaturales.co,"Natural Medix Chupa Panza Quema Grasa 15 en 1, bolsa 450 g; foto de tienda (no fabricante), fondo blanco"
Col-Nclin Fibra x 450 g,col-nclin-fibra-x-450-g,SIN_FOTO,,,,,"Marca Col-Nclin existe (tiendaaurabella.com, alhenabio.com.co) pero sitios inaccesibles (DNS) y la tienda accesible solo tiene la versión 100 cápsulas"
Gomas con Vinagre de Manzana x 30 Gummies,gomas-con-vinagre-de-manzana-x-30-gummies,SIN_FOTO,,,,,"Genérico sin marca; muchas marcas con 30 gomas, no identificable"
Probióticos + Prebióticos x 400 g,probioticos-mas-prebioticos-x-400-g,SIN_FOTO,,,,,Genérico sin marca; no se identificó un producto 400 g en polvo con confianza
"Legend Creatina 1,32 lb – 50 Servicios",legend-creatina-1-32-lb-50-servicios,OK,legend-creatina-1-32-lb-50-servicios.jpg,https://mktaddi.vteximg.com.br/arquivos/ids/100546176/image-0.png,https://marketplace.addi.com/producto/4425922,marketplace.addi.com,"FitMafia/Proscience Legend Creapure 600 g (1,32 lb) 50 servicios, sabor Fruit Punch; el fabricante (proscience.com.co) solo tiene fotos sobre fondo azul"
Creatina CR2,creatina-cr2,OK,creatina-cr2.jpg,https://macroblends.com/wp-content/uploads/2026/02/producto-cr2-frontal-passion-frut-macroblends.png,https://macroblends.com/producto/cr2-creatina-60-servicios/,macroblends.com,Macroblends CR2 360 g 60 servicios (fabricante); sabor Passion Fruit (hay piña y fresa)
CR7 Creatine 350 g,cr7-creatine-350-g,SIN_FOTO,,,,,Probablemente CR7INE; sin fuente fiable de imagen. OJO: INVIMA alerta 291-2023 dice que CR7INE no tiene registro sanitario y su venta es ilegal en Colombia
Nutrex Creatina Monohidrato Sabor Fresa Sandía,nutrex-creatina-monohidrato-sabor-fresa-sandia,OK,nutrex-creatina-monohidrato-sabor-fresa-sandia.jpg,https://cdn.shopify.com/s/files/1/0556/9750/6368/files/Creatine-Flavored-390-SW-FR.png?v=1749677224,https://nutrex.com/products/flavored-creatine-monohydrate,nutrex.com,Nutrex Creatine Monohydrate Strawberry Watermelon 390 g 60 srv (fabricante); etiqueta en inglés
Suminat Cloruro de Magnesio x 500 ml,suminat-cloruro-de-magnesio-x-500-ml,SIN_FOTO,,,,,Marca Suminat no encontrada en la web
Citrato de Magnesio + Citrato de Potasio x 250 g,citrato-de-magnesio-mas-citrato-de-potasio-x-250-g,SIN_FOTO,,,,,Genérico sin marca; además INVIMA alerta 326-2024 sobre mezclas citrato Mg + citrato K sin registro
Al Nature Cloruro de Magnesio + Colágeno + Vitamina D3 x 90 Cápsulas,al-nature-cloruro-de-magnesio-mas-colageno-mas-vitamina-d3-x-90-capsulas,SIN_FOTO,,,,,Marca Al Nature no encontrada en la web
Citrato de Magnesio x 90 HR,citrato-de-magnesio-x-90-hr,SIN_FOTO,,,,,Genérico sin marca; no identificable
"Army EAA's 1,2 lb – 30 Servicios",army-eaas-1-2-lb-30-servicios,OK,army-eaas-1-2-lb-30-servicios.jpg,https://mktaddi.vteximg.com.br/arquivos/ids/58012090/image-0.jpg?v=638967479851530000,https://marketplace.addi.com/producto/149656,Addi Marketplace,"Proscience Army EAA's 1,2 lb 540 g 30 serv; sabor Fruit Punch (inventario no indica sabor)"
Nitro Shock,nitro-shock,OK,nitro-shock.jpg,https://product-images.farmatodo.com/7-vUF2bBfZtwmOUs9zwysoxOp0NEoRXqoDeMuMgUddtUC4HaUUOJbQEmDoECt7RMJ6AZkaSt0cIlIlIErumukOevwBFM3BltmkA80TxNKe_DirA6Og,https://www.farmatodo.com.co/producto/500001615-nitro-shock-frutos-rojos-440-g-aminoacidos-nutramericanpharma-tarro-x-1-16-lb--526g-,Farmatodo,"Nutramerican Nitro Shock (BCAA) frutos rojos 1,16 lb; tamano no especificado en inventario"
Hydralite Hidratación Deportiva,hydralite-hidratacion-deportiva,OK,hydralite-hidratacion-deportiva.jpg,https://exitocol.vtexassets.com/arquivos/ids/31272553/Bebida-HIDRALYTE-Hidratante-Energetica-Deportis-640-ml-3728650_a.jpg?v=639162827331330000,https://www.exito.com/bebida-hidralyte-hidratante-energetica-deportis-640-ml-3219504/p,Exito,Interpretado como Hidralyte 640 ml (uva); duda: existe tambien la marca Hidralyt
Gatorade Hidratación Deportiva,gatorade-hidratacion-deportiva,OK,gatorade-hidratacion-deportiva.jpg,https://product-images.farmatodo.com/eH6nKrvAZbzxqMe0FJQaQ9aCb84zCVvXv_sC7niwxt9U-XSig_DuWozXAenPPiSwldCsWZBujOECrvFy5ML48sGfXq0VUcPUy-GWnSgwHreu2l13oQ,https://www.farmatodo.com.co/producto/1031665-gatorade-02-perform-pet-mandarina-x-500-ml,Farmatodo,"Gatorade mandarina 500 ml (presentacion individual comun, ~4.450 COP)"
Electrolit,electrolit,OK,electrolit.jpg,https://product-images.farmatodo.com/c32rvux8Z5_nFNOp6ICOGzRTi5mt9r_3TsGOXsdUGDMcXVkuZeSyACwuOAhE355nWce7379oaIkR2btq2ssDICPfqoMHisyTmPR-qc9shfTKSDR2Ng,https://www.farmatodo.com.co/producto/1054486-electrolit-suero-hidratante-uva-frasco-x-625-ml,Farmatodo,Electrolit uva 625 ml
RAN Hidratación Deportiva,ran-hidratacion-deportiva,SIN_FOTO,,,,,No se identifico ninguna bebida hidratante marca RAN en Colombia
"Gluta Stack Frutos Rojos 1,1 lb (510 g)",gluta-stack-frutos-rojos-1-1-lb-510-g,OK,gluta-stack-frutos-rojos-1-1-lb-510-g.jpg,https://devfarmatodo.arcadier.io/images/items/8c0b1238-fcb1-4abd-a819-90348638c152-iiuwouqt1m26-gluta-stack-2024.jpg,https://www.farmatodo.com.co/producto/500001619-gluta-stack-1-1-lb-glutamina-nutramericanpharma-tarro-x-1-1-lb--510g-,Farmatodo,Nutramerican Gluta Stack 510 g sabor frutos rojos (etiqueta lo confirma)
FlexDL Rolón,flexdl-rolon,SIN_FOTO,,,,,No se encontro producto FlexDL roll-on; ojo: INVIMA alerto FLEXDOL (nombre parecido) sin registro sanitario
Bisglicinato de Magnesio Pastillas,bisglicinato-de-magnesio-pastillas,SIN_FOTO,,,,,Nombre generico sin marca ni presentacion; no se puede identificar el producto
Burner Stack Sobre,burner-stack-sobre,OK,burner-stack-sobre.jpg,https://lh3.googleusercontent.com/bOiUvrCrpAMRwaLgC_Vka7ZRuIWUktxXeZ2cxMHvOj17qXINeWoueHCQ8LbCwHd22ammYWumeXMCI87A8BowNxbJ_Aw9u-z9p6hnsDOTO_wIzncz,https://www.farmatodo.com.co/producto/294150804-burner-stack-sabor-uva-nutramerican-tarro-50-sobres-x-300g,Farmatodo,Nutramerican Burner Stack uva; imagen muestra tarro de 50 sobres junto al sobre individual de 6 g
Radical Power Kiwi Manzana Verde Sobre 12 g,radical-power-kiwi-manzana-verde-sobre-12-g,OK,radical-power-kiwi-manzana-verde-sobre-12-g.jpg,https://product-images.farmatodo.com/KZKuc8VEFxhOB-XKpz1Fa6_GfAYcTQR3LVzAgne9Vb_05Xg4P2LTY4T10UMTd0qdMzNC440vZlE6bOH35MuISNiVLsdcRKi9yvp9T6mAAtzUiLvQ,https://www.farmatodo.com.co/producto/500004679-radical-power-drink-pre-workout-pre-entreno-nutramericanpharma-caja-x-caja-x-18-sobres-216-g-x-12-g-c-u-,Farmatodo,Nutramerican Radical Power kiwi-manzana verde; imagen es la caja x18 sobres (se vende por sobre)
Speed Max,speed-max,OK,speed-max.jpg,https://product-images.farmatodo.com/62Ahw8HUaLq3tbhL0VRd2W56_UJRKBVCg1R6BC9GxL5Xp5yms0nWUsG3tbSeSnyY7rFGqBbNtA8RnTc4NC6e7qOO-v4lI70mWa3Mmw5cdo86169c,https://www.farmatodo.com.co/producto/1050480-bebida-energetica-speed,Farmatodo,Postobon Speed Max botella 250 ml
Red Bull,red-bull,OK,red-bull.jpg,https://product-images.farmatodo.com/eUv4uao83Ed8EQZpBvtR_za5kwIgqQO7KiFp2KndNjODJc8Y3xfqwIC__4u9oBa-PgzbK2M95tHlw53hkmE6AGg000RI8kA-W1gERoSaCDXMuWlUxA,https://www.farmatodo.com.co/producto/1004628-bebida-energizante-red,Farmatodo,Red Bull lata 250 ml original
"Intenze Pre-entreno 1,9 lb – 30 Servicios",intenze-pre-entreno-1-9-lb-30-servicios,OK,intenze-pre-entreno-1-9-lb-30-servicios.jpg,https://media.falabella.com.co/falabellaCO/121610574_01/public,https://www.falabella.com.co/falabella-co/product/121610573/Intenze-Preworkout-30-Servicios-Watermelon,Falabella,"Proscience Intenze 1,98 lb 900 g 30 serv; sabor Watermelon (inventario no indica sabor)"
Termo Energy Up Sobre,termo-energy-up-sobre,SIN_FOTO,,,,,"Posible GMN Energy Up termo x25 sobres (snippet de Mercado Libre, ~39.900 COP) pero sin pagina accesible ni imagen confirmable"
Nuclear Pre-entreno 180 g – 15 Servicios,nuclear-pre-entreno-180-g-15-servicios,OK,nuclear-pre-entreno-180-g-15-servicios.jpg,https://cdn.shopify.com/s/files/1/0944/4242/2564/files/9988-1_NUCLEAR_FRUIT_PUNCH_180_GR_POWDER_PREENTRENO.jpg?v=1783113760,https://healthysports.com.co/products/nuclear-fruit-punch-180g-powder,Healthy Sports (fabricante),Healthy Sports Nuclear 180 g 15 serv fruit punch; foto del fabricante (vista lateral)
Monster Bebida Energizante,monster-bebida-energizante,OK,monster-bebida-energizante.jpg,https://product-images.farmatodo.com/QjWXDxONkTc7PRkt_hkpaF3bIe0vA_E4CkXc4-zbRSNV8dV2tcrggq-J8yZJJsFnb3lapNpZx5kheEarLmatlLKPJ2moXxoKaBIkSNcAiVD-NYod=s800,https://www.farmatodo.com.co/producto/1038380-bebida-monster-energy,farmatodo.com.co,Monster Energy verde original lata 473 ml
Burner Stack Bebida Pre-entreno,burner-stack-bebida-pre-entreno,OK,burner-stack-bebida-pre-entreno.jpg,https://lh3.googleusercontent.com/bOiUvrCrpAMRwaLgC_Vka7ZRuIWUktxXeZ2cxMHvOj17qXINeWoueHCQ8LbCwHd22ammYWumeXMCI87A8BowNxbJ_Aw9u-z9p6hnsDOTO_wIzncz=s800,https://www.farmatodo.com.co/producto/294150804-burner-stack-sabor-uva-nutramerican-tarro-50-sobres-x-300g,farmatodo.com.co,Nutramerican Burner Stack uva; foto muestra tarro + sobre 6 g
Intenze Bebida Pre-entreno,intenze-bebida-pre-entreno,SIN_FOTO,,,https://proscience.com.co/tienda/intenze-ready-12-pack/,proscience.com.co,Identificado: Proscience Intenze Ready lata 295 ml (12-pack 118.800 = ~9.900/lata). Unica foto hallada es del fabricante sobre fondo turquesa (no fondo claro): https://proscience.com.co/wp-content/uploads/2024/10/inteze-ready.webp
Myth Bebida Pre-entreno,myth-bebida-pre-entreno,OK,myth-bebida-pre-entreno.jpg,https://devfarmatodo.arcadier.io/images/items/8c0b1238-fcb1-4abd-a819-90348638c152-jb29xkhe2p30-myth-lata-2024.jpg,https://www.farmatodo.com.co/producto/500001624-myth-legendary-pre-workout-lata-x-12-und-pre-entreno---bebida-energizante-nutramericanpharma-lata-x-paca-x-12-latas-c-u-310-ml-3-7-l--3-720-ml-,farmatodo.com.co,Nutramerican Myth Legendary Pre-Workout lata manzana verde
Jart Bebida Pre-entreno,jart-bebida-pre-entreno,SIN_FOTO,,,,,No se identifico ninguna marca/producto 'Jart' pre-entreno
Suminat Maknat x 250 g,suminat-maknat-x-250-g,SIN_FOTO,,,,,"No se identifico 'Maknat' de Suminat (busquedas solo devuelven Suminat sumatriptan, otro producto)"
Turkesterone Testosterone Booster x 120,turkesterone-testosterone-booster-x-120,SIN_FOTO,,,,,Nombre generico: muchas marcas venden Turkesterone x120; sin marca no se puede identificar
Monster Test,monster-test,SIN_FOTO,,,https://www.invima.gov.co/alertas-sanitarias/monster-test-ostarine-testabolic-xtreme-clomid-andarine,invima.gov.co,"Fabricante no identificable; ademas INVIMA alerta 102-2025 (26-mar-2025): Monster Test sin registro sanitario, comercializacion ilegal en Colombia"
Shilajit Sachet,shilajit-sachet,SIN_FOTO,,,,,"Generico, sin marca identificable"
Swap Nitric Oxide x 90,swap-nitric-oxide-x-90,SIN_FOTO,,,https://www.vitacost.com/products/snap-supplements-nitric-oxide-booster-90-capsules-114649,vitacost.com,Marca SWAP no hallada; candidata SNAP Supplements Nitric Oxide 90 caps (https://cdn.shopify.com/s/files/1/0804/8974/2651/files/60_81789a51-95ba-40df-ac73-7afad2cd5396.jpg?v=1791267419) descartada hasta que GYM RM confirme la marca
Liv 52,liv-52,OK,liv-52.jpg,https://cdn.shopify.com/s/files/1/0272/4714/9155/files/Liv.52-new.jpg?v=1787550090,https://himalayawellness.in/products/liv-52,himalayawellness.in (fabricante),Himalaya Liv.52 100 tabletas; trae franja 'Film coated tablets' del fabricante
Green Silymarina x 100,green-silymarina-x-100,SIN_FOTO,,,,,"Marca 'Green' x100 no identificada (Medical Green Silymaxi es x60, no coincide)"
Té Matcha Masticable,te-matcha-masticable,SIN_FOTO,,,,,"Generico, sin marca identificable"
Té Matcha Tarro 400 g,te-matcha-tarro-400-g,SIN_FOTO,,,,,"Generico, sin marca identificable"
Gomas Té Verde x 30,gomas-te-verde-x-30,SIN_FOTO,,,,,"Generico, sin marca identificable"
Hydroxycut Hardcore Elite 100 Pastillas,hydroxycut-hardcore-elite-100-pastillas,OK,hydroxycut-hardcore-elite-100-pastillas.jpg,https://cdn.shopify.com/s/files/1/0804/8974/2651/files/77_280622bc-f8b3-4665-ae00-ab3acfebc3f9.jpg?v=1781987429,https://www.vitacost.com/products/muscletech-hydroxycut-hardcore-elite-100-capsules-44819,vitacost.com,MuscleTech Hydroxycut Hardcore Elite 100 caps
Lipo-6 Nighttime 30 Cápsulas,lipo-6-nighttime-30-capsulas,OK,lipo-6-nighttime-30-capsulas.jpg,https://cdn.shopify.com/s/files/1/0471/3332/7519/files/lipo-6-nighttime-247275.png?v=1740761514,https://shop.bodybuilding.com/products/nutrex-lipo-6-nighttime,shop.bodybuilding.com,Nutrex Research Lipo-6 Nighttime 30 caps (empaque actual). PNG con fondo TRANSPARENTE: componer sobre blanco
Nutrex CLA 1000 mg,nutrex-cla-1000-mg,OK,nutrex-cla-1000-mg.jpg,https://www.vitacost.com/cdn/shop/files/48_75247331-bb6b-4d78-8d3a-7e819b064a56.jpg?v=1790381274,https://www.vitacost.com/products/nutrex-research-cla-1000-1-000-mg-90-softgels-25689,vitacost.com,"Nutrex Research CLA 1000, presentación 90 softgels (el inventario no dice tamaño)"
L-Carnitina Líquida Sachet 3000 mg Fruit Punch,l-carnitina-liquida-sachet-3000-mg-fruit-punch,SIN_FOTO,,,,,Sin marca: hay al menos 2 sachets 3000 mg/15 ml Fruit Punch en Colombia (Carnicut XL de Healthy Sports y Simply); no se puede elegir con confianza
World Nutrition Complexx B x 1000 ml,world-nutrition-complexx-b-x-1000-ml,OK,world-nutrition-complexx-b-x-1000-ml.jpg,https://cdn.treinta.co/web-app/inventory/9aea162c-9cae-5d7d-8ac0-0fa453113508/b65154b8-922a-5163-b61a-3b962d2fbc9a.png,https://tienda.treinta.co/labodeganaturista/producto/cc1e9971-7cfd-5a4e-b9b3-18a33f7d1584,tienda.treinta.co (La Bodega Naturista),World Nutrition Complexx B Línea Gold; la etiqueta fotografiada dice 1.100 ml (tienda lo vende como x1000ml). Foto real de producto sobre blanco
Total Nutrix Super Multivitamínico x 1000 ml,total-nutrix-super-multivitaminico-x-1000-ml,SIN_FOTO,,,,,"Marca Total Nutrix existe (línea de jarabes 1000 ml en Mercado Libre/catálogo), pero no se halló página con imagen limpia del Super Multivitamínico; ML bloquea la descarga"
Prosimpo Vitamina C x 380 ml,prosimpo-vitamina-c-x-380-ml,SIN_FOTO,,,,,No se encontró la marca Prosimpo en ninguna tienda indexada
"Nutra-C Naranja 1,1 lb (500 g)",nutra-c-naranja-1-1-lb-500-g,OK,nutra-c-naranja-1-1-lb-500-g.jpg,https://product-images.farmatodo.com/Y4IsEDT5Ske1SwFFwq2utO4WUCdsTxu9l3GZjpHCyHWoHqQ5P5aM5YKo6M4o7biiN-omnr_9GR33IAdm5OhV38rQdfGU58tZaP3XurnMaKqwvrM=s1000,https://www.farmatodo.com.co/producto/500001633-nutra-c-500-g-vitamina-c-nutramericanpharma-tarro-x-1-1-lb--500g-,farmatodo.com.co,"Nutramerican Pharma Nutra-C naranja 500 g (coincide exacto, $64.990 en Farmatodo)"
LFFA Ginkgo Biloba x 30,lffa-ginkgo-biloba-x-30,SIN_FOTO,,,,,No se pudo identificar la marca 'LFFA' en ninguna tienda indexada
LFFA Omega 3 x 30,lffa-omega-3-x-30,SIN_FOTO,,,,,No se pudo identificar la marca 'LFFA' en ninguna tienda indexada
Alnature Gomas Ashwagandha x 30,alnature-gomas-ashwagandha-x-30,OK,alnature-gomas-ashwagandha-x-30.jpg,https://farmawell.co/wp-content/uploads/2026/02/GOMAS-DE-ASHWAGANDHA-TORONJIL-60-GOMAS.webp,https://farmawell.co/producto/gomas-de-ashwagandha-toronjil-y-lechuga-x-60/,farmawell.co,"Alnature Gomas Ashwagandha+Toronjil+Lechuga: etiqueta '60 gomas / 30 porciones' (x30 = porciones, probable); no se halló versión de 30 gomas"
Vitamina E 400 IU x 100 Softgels,vitamina-e-400-iu-x-100-softgels,SIN_FOTO,,,,,"Nombre genérico sin marca; muchas marcas venden 400 IU x100 softgels, no se puede identificar"
Natural Health Ashwagandha x 100 Masticables,natural-health-ashwagandha-x-100-masticables,OK,natural-health-ashwagandha-x-100-masticables.jpg,https://product-images.farmatodo.com/W_kRDtCzGlcM22xLqO051_P1w7k0i_bi1EZXhvtIjhjVX-Uct46Ha59IhUIPqh-AioaG4mZArw58Dxf21qwMUkaCFGL-uP2PaIqhuO2mflkT_SGyYw=s1000,https://www.farmatodo.com.co/producto/500028433-ashwagandha-natural---energia--vitalidad-y-enfoque-natural-health-pastillero-x-1,farmatodo.com.co,Natural Health masticable Ashwagandha 100 unidades (render 512 px). Ojo: otra tienda (saludex) muestra etiqueta distinta verde/blanca; puede haber dos versiones del empaque
NAD + Resveratrol Nicotinamida x 100 Pastillas,nad-mas-resveratrol-nicotinamida-x-100-pastillas,OK,nad-mas-resveratrol-nicotinamida-x-100-pastillas.jpg,https://product-images.farmatodo.com/naoE_CgG-z_tpclDcPHcqyvlPr5rwWQaKSsHTA5J0PomilMc6hhnyt-FbRAwYbU5wvAgNKmhBp7sZA6uvqBYOF7tC2Vamn58Gt4eCihhzLjFgQXn=s1000,https://www.farmatodo.com.co/producto/500030177-nad--resveratrol-x100-natural-health-pastillero-x-100und-,farmatodo.com.co,Natural Health NAD+ Resveratrol pastillero x100 (marca inferida por presentación; resto del inventario usa Natural Health). Imagen 512 px con producto pequeño: conviene recortar
Resveratrol Plus NAD+ x 380 ml,resveratrol-plus-nad-mas-x-380-ml,SIN_FOTO,,,,,No se encontró 'Resveratrol Plus NAD+' en 380 ml; los líquidos hallados son 1000-1100 ml de otras marcas
NAD + Resveratrol Nicotinamida x 700 g,nad-mas-resveratrol-nicotinamida-x-700-g,OK,nad-mas-resveratrol-nicotinamida-x-700-g.jpg,https://product-images.farmatodo.com/LexDZBx9gfChGr6tO7UrTKqTyNUp8oHWrt9eaB0PByzm28E8PSyxWGhwL6vKCdX5nd0EcWm0ekoyGRinr19aqmvZPwUPTr9ROSei_MM1kDv2yAQBjQ=s1000,https://www.farmatodo.com.co/producto/500028434-nad-resveratrol-con-nicotinamida-magnesio-colageno-y-biotina-700g-natural-health-polvo-x-1,farmatodo.com.co,Natural Health NAD con Resveratrol Nicotinamida 700 g sabor uva (coincide nombre y tamaño)
